sim_day,date,year,month,day,jrr,savage,lsen,occ,pat,por_nat,below_por,lfalls_nat
1,2038-01-01,2038,1,1,234.2,63.1,5.0,172.6,40.0,2860.6,736.1,3344.2
2,2038-01-02,2038,1,2,211.3,57.0,5.0,152.0,39.8,3001.1,597.5,3462.0
3,2038-01-03,2038,1,3,200.4,55.0,5.0,139.7,38.0,2992.5,480.4,3487.6
4,2038-01-04,2038,1,4,229.0,61.0,5.0,133.2,37.0,2893.4,427.9,3439.6
5,2038-01-05,2038,1,5,330.0,84.0,5.0,119.7,35.9,2786.0,407.6,3290.7
6,2038-01-06,2038,1,6,391.3,104.0,4.0,107.8,34.0,2698.2,389.5,3076.2
7,2038-01-07,2038,1,7,492.4,133.2,5.0,101.0,34.0,2655.7,381.4,3013.8
8,2038-01-08,2038,1,8,3051.0,1308.0,15.0,8774.7,50.0,7351.8,12966.2,4968.3
9,2038-01-09,2038,1,9,1426.2,789.4,10.0,2366.2,45.8,34246.1,17747.0,23893.0
10,2038-01-10,2038,1,10,998.1,478.2,6.0,1254.0,40.9,67563.7,11223.3,54984.6
11,2038-01-11,2038,1,11,790.0,319.0,5.0,508.5,37.0,48994.1,3522.3,60320.4
12,2038-01-12,2038,1,12,595.8,216.3,5.0,314.0,34.0,20719.2,1382.4,49823.3
13,2038-01-13,2038,1,13,533.4,149.9,4.0,236.5,34.0,13229.7,972.6,23838.2
14,2038-01-14,2038,1,14,494.3,127.0,4.0,212.6,33.0,8935.8,773.0,17049.6
15,2038-01-15,2038,1,15,448.6,116.3,13.0,213.0,47.0,7554.6,703.7,12510.2
16,2038-01-16,2038,1,16,486.0,111.0,33.0,8775.3,91.0,11957.8,12850.0,15724.3
17,2038-01-17,2038,1,17,444.4,109.0,18.0,942.6,65.7,11715.8,3893.3,15578.7
18,2038-01-18,2038,1,18,441.6,111.0,13.0,543.5,61.0,11021.9,2187.5,12253.1
19,2038-01-19,2038,1,19,427.8,108.0,9.0,379.4,55.0,9030.8,1459.7,11199.3
20,2038-01-20,2038,1,20,396.0,104.0,9.0,295.4,53.0,8105.0,1209.9,10261.8
21,2038-01-21,2038,1,21,375.0,98.0,8.0,262.0,51.0,6746.5,1088.5,8811.9
22,2038-01-22,2038,1,22,357.0,97.4,7.0,230.5,50.0,6129.6,1012.5,8121.3
23,2038-01-23,2038,1,23,424.6,113.9,89.1,934.6,229.1,6352.2,3523.8,9108.8
24,2038-01-24,2038,1,24,574.7,187.0,48.0,2951.4,235.0,9469.6,7686.4,14425.7
25,2038-01-25,2038,1,25,563.0,164.4,30.0,3211.4,136.0,12670.1,6276.4,18025.2
26,2038-01-26,2038,1,26,456.5,126.0,18.0,1520.0,100.0,15321.6,4184.7,19062.4
27,2038-01-27,2038,1,27,433.6,119.0,20.0,889.0,91.0,14987.6,2783.6,18282.0
28,2038-01-28,2038,1,28,751.9,250.1,182.2,7887.5,1178.2,16985.5,10892.3,25835.7
29,2038-01-29,2038,1,29,1181.6,372.7,154.2,14586.4,794.0,34766.9,17380.8,39304.6
30,2038-01-30,2038,1,30,1104.0,362.6,47.1,4000.9,295.0,60152.3,8197.8,52634.6
31,2038-01-31,2038,1,31,850.1,321.6,31.0,1425.8,180.1,46707.8,4039.5,66208.6
32,2038-02-01,2038,2,1,677.5,231.0,24.0,985.3,140.2,36614.7,2783.1,49665.7
33,2038-02-02,2038,2,2,574.7,171.9,21.0,661.5,122.2,25581.7,2154.4,39085.2
34,2038-02-03,2038,2,3,488.9,147.5,19.0,617.2,112.3,15604.3,1921.1,26104.5
35,2038-02-04,2038,2,4,659.7,185.7,182.0,1238.4,777.2,14342.1,3375.8,22535.1
36,2038-02-05,2038,2,5,794.7,287.5,227.2,21119.5,1678.1,61489.2,30209.5,52466.7
37,2038-02-06,2038,2,6,752.0,250.6,71.1,4012.2,777.2,115236.3,14839.8,95603.3
38,2038-02-07,2038,2,7,683.0,249.0,41.0,1396.1,255.1,71313.6,4183.9,112615.9
39,2038-02-08,2038,2,8,529.0,177.0,29.1,940.1,167.1,36926.6,2592.1,84131.9
40,2038-02-09,2038,2,9,479.3,152.0,22.0,620.1,141.2,27837.7,1974.0,53618.1
41,2038-02-10,2038,2,10,527.3,166.0,21.0,563.3,132.0,17888.3,1716.0,28280.9
42,2038-02-11,2038,2,11,809.1,279.1,20.0,501.9,125.5,13390.0,1576.9,19382.9
43,2038-02-12,2038,2,12,1436.0,471.2,30.0,1005.2,178.0,11761.6,2374.7,15397.2
44,2038-02-13,2038,2,13,844.0,346.6,21.0,745.1,140.0,12573.5,2229.7,14900.8
45,2038-02-14,2038,2,14,690.0,235.2,19.0,564.6,127.3,12802.6,1698.0,15148.4
46,2038-02-15,2038,2,15,584.3,191.0,18.0,477.0,122.0,12530.6,1516.0,15043.0
47,2038-02-16,2038,2,16,507.7,177.3,17.0,451.7,112.3,10790.5,1460.5,13932.9
48,2038-02-17,2038,2,17,524.0,177.0,32.1,511.6,141.0,9150.9,1617.2,12185.4
49,2038-02-18,2038,2,18,695.5,249.6,43.0,1733.6,189.4,9289.9,3329.2,12370.0
50,2038-02-19,2038,2,19,1220.3,495.0,35.1,4022.7,195.0,12253.4,8226.7,15661.3
51,2038-02-20,2038,2,20,844.9,359.0,25.0,1749.6,152.0,14733.5,4861.9,17666.2
52,2038-02-21,2038,2,21,741.4,261.4,23.0,963.0,142.0,15178.2,2999.7,18980.1
53,2038-02-22,2038,2,22,606.6,196.0,21.0,677.2,139.0,13468.6,2193.9,17246.2
54,2038-02-23,2038,2,23,558.9,185.0,38.1,594.3,168.0,12179.0,2132.3,15854.4
55,2038-02-24,2038,2,24,744.7,257.6,74.0,2585.0,302.7,12296.5,7035.2,16289.8
56,2038-02-25,2038,2,25,778.2,276.6,44.0,2781.0,239.4,22687.6,9100.7,23872.0
57,2038-02-26,2038,2,26,601.9,192.6,32.0,1635.3,182.3,27432.2,5789.9,33639.4
58,2038-02-27,2038,2,27,488.0,160.0,27.0,851.3,154.4,20437.7,3144.8,32662.7
59,2038-02-28,2038,2,28,441.9,141.0,26.0,640.6,150.2,15583.0,2488.8,22804.8
60,2038-03-01,2038,3,1,452.9,144.0,24.0,555.6,144.0,12505.4,2210.0,17227.6
61,2038-03-02,2038,3,2,450.0,149.0,23.3,489.7,141.3,11409.3,2053.1,15377.9
62,2038-03-03,2038,3,3,416.5,134.0,32.2,479.4,156.0,10448.4,2319.0,14049.7
63,2038-03-04,2038,3,4,374.1,126.5,27.0,468.1,148.2,10388.5,2592.9,13388.6
64,2038-03-05,2038,3,5,372.6,125.1,25.0,411.2,144.0,10027.6,2386.1,13135.2
65,2038-03-06,2038,3,6,348.6,120.0,24.0,381.9,142.0,9451.9,2091.6,12416.1
66,2038-03-07,2038,3,7,334.4,115.6,23.0,345.9,137.6,9271.2,1885.8,11681.7
67,2038-03-08,2038,3,8,332.0,111.0,26.0,383.4,143.0,9144.2,1932.5,11487.3
68,2038-03-09,2038,3,9,443.9,173.4,69.0,2786.9,372.8,9518.9,6832.3,13133.2
69,2038-03-10,2038,3,10,574.7,196.6,36.1,2000.5,236.1,12970.8,6832.5,16472.6
70,2038-03-11,2038,3,11,445.9,153.9,28.0,857.5,173.2,15928.4,3550.0,18961.0
71,2038-03-12,2038,3,12,389.1,129.5,26.0,561.3,154.2,15519.6,2638.2,19479.7
72,2038-03-13,2038,3,13,371.5,116.0,24.0,449.4,147.0,13190.6,2239.3,17784.3
73,2038-03-14,2038,3,14,338.0,111.0,22.0,386.4,143.3,11627.0,1964.4,15428.3
74,2038-03-15,2038,3,15,337.4,111.0,22.0,356.0,137.3,9972.7,1824.3,14293.9
75,2038-03-16,2038,3,16,321.0,110.4,21.4,309.6,134.0,9483.7,1747.8,13189.1
76,2038-03-17,2038,3,17,307.0,104.7,21.0,296.6,131.4,9271.4,1676.7,11780.1
77,2038-03-18,2038,3,18,331.1,110.4,26.0,447.9,140.3,9032.6,1731.9,11159.0
78,2038-03-19,2038,3,19,695.8,212.1,88.1,6225.6,278.6,11403.8,7386.9,14494.6
79,2038-03-20,2038,3,20,634.0,191.4,42.0,2900.7,182.2,16113.7,5202.7,18985.2
80,2038-03-21,2038,3,21,1043.9,420.3,169.0,17649.2,654.2,31896.1,22915.9,32431.9
81,2038-03-22,2038,3,22,989.5,355.4,66.2,4972.2,320.8,48025.1,11996.1,54561.7
82,2038-03-23,2038,3,23,701.2,221.8,44.0,1902.8,224.2,43064.5,6043.6,58355.8
83,2038-03-24,2038,3,24,540.0,178.0,33.0,946.8,180.0,28463.9,3680.6,48624.4
84,2038-03-25,2038,3,25,432.6,147.0,29.0,646.1,170.0,21117.7,2927.3,32444.6
85,2038-03-26,2038,3,26,386.3,116.7,27.0,552.0,154.0,16431.5,2539.2,23800.1
86,2038-03-27,2038,3,27,357.0,106.0,24.0,497.5,149.4,12899.7,2149.2,18971.3
87,2038-03-28,2038,3,28,336.5,93.0,23.0,457.8,148.0,10850.4,2038.9,15858.4
88,2038-03-29,2038,3,29,316.6,85.5,21.0,425.0,140.4,10177.0,1883.1,13080.2
89,2038-03-30,2038,3,30,295.0,82.0,21.0,386.5,135.0,9550.0,1822.5,12004.6
90,2038-03-31,2038,3,31,278.0,77.0,19.0,356.0,126.5,9051.1,1770.8,10892.6
91,2038-04-01,2038,4,1,269.7,73.0,19.0,313.0,120.0,8173.4,1702.1,10051.7
92,2038-04-02,2038,4,2,278.0,75.0,32.0,383.0,141.4,8352.8,3161.0,10892.6
93,2038-04-03,2038,4,3,288.6,75.0,21.0,380.4,124.0,8255.5,2716.7,11558.5
94,2038-04-04,2038,4,4,270.0,73.0,23.4,343.0,128.5,7462.7,2007.6,11044.3
95,2038-04-05,2038,4,5,278.0,73.0,21.0,392.4,121.5,7171.3,1743.8,9894.4
96,2038-04-06,2038,4,6,265.0,66.0,18.0,334.0,112.5,7042.8,1549.0,9613.9
97,2038-04-07,2038,4,7,237.6,60.8,16.0,292.0,107.0,6809.2,1394.6,9264.1
98,2038-04-08,2038,4,8,214.7,53.0,15.0,264.0,102.0,6715.0,1327.3,8832.2
99,2038-04-09,2038,4,9,205.9,54.0,43.0,311.0,161.3,6714.4,2230.5,9612.1
100,2038-04-10,2038,4,10,526.4,185.7,47.2,792.0,212.0,8060.3,6010.3,11705.4
101,2038-04-11,2038,4,11,497.8,174.0,26.0,617.0,154.0,8880.9,4879.4,13278.6
102,2038-04-12,2038,4,12,377.0,109.0,22.0,455.3,133.0,10458.3,3010.1,13418.6
103,2038-04-13,2038,4,13,321.0,87.0,20.0,382.8,122.0,11492.1,2263.8,14002.2
104,2038-04-14,2038,4,14,273.1,77.0,16.0,331.4,114.0,9809.0,1876.4,13084.0
105,2038-04-15,2038,4,15,244.8,64.8,15.6,300.9,109.0,8692.4,1714.4,11824.1
106,2038-04-16,2038,4,16,232.7,58.0,15.0,404.0,104.0,7253.6,1638.5,10753.3
107,2038-04-17,2038,4,17,218.9,53.0,17.0,354.0,101.0,6864.3,1492.5,9805.3
108,2038-04-18,2038,4,18,205.0,47.9,17.0,288.9,100.0,6587.5,1373.8,9007.4
109,2038-04-19,2038,4,19,248.0,68.0,27.0,256.0,121.4,6481.6,1714.1,8512.6
110,2038-04-20,2038,4,20,901.8,384.6,39.0,826.7,179.3,7941.4,4586.4,9690.7
111,2038-04-21,2038,4,21,780.7,282.0,23.0,710.9,146.2,13310.7,4630.0,13639.3
112,2038-04-22,2038,4,22,602.4,182.5,21.0,483.3,138.0,17312.4,3037.3,18371.5
113,2038-04-23,2038,4,23,447.0,131.0,19.0,339.0,128.6,17165.3,2483.9,21019.9
114,2038-04-24,2038,4,24,388.0,104.5,17.0,290.4,120.0,14327.0,2076.1,18575.0
115,2038-04-25,2038,4,25,350.9,93.0,16.0,268.2,113.4,10428.6,1829.4,16218.1
116,2038-04-26,2038,4,26,319.0,82.0,16.0,244.8,108.0,8794.5,1671.6,13496.7
117,2038-04-27,2038,4,27,471.1,145.0,17.0,233.0,112.0,8181.9,1780.5,11159.3
118,2038-04-28,2038,4,28,477.3,149.0,15.0,219.5,104.4,8000.8,1909.3,9742.0
119,2038-04-29,2038,4,29,396.0,119.4,14.0,203.0,98.0,8166.9,1669.3,9364.9
120,2038-04-30,2038,4,30,358.9,102.0,13.0,183.5,93.0,8173.8,1460.0,9133.4
121,2038-05-01,2038,5,1,322.0,93.0,14.0,170.0,92.0,7856.7,1309.9,9287.5
122,2038-05-02,2038,5,2,296.0,83.0,20.0,165.0,105.0,7059.8,1280.3,9364.7
123,2038-05-03,2038,5,3,417.0,124.0,27.1,546.9,121.0,7857.3,2266.2,9408.1
124,2038-05-04,2038,5,4,405.7,122.4,23.0,1145.8,125.0,8565.5,2620.5,10348.0
125,2038-05-05,2038,5,5,1197.0,507.8,21.2,625.6,124.0,8639.0,2509.8,11019.7
126,2038-05-06,2038,5,6,957.1,428.8,25.0,437.0,165.0,9579.4,3471.3,11563.5
127,2038-05-07,2038,5,7,580.9,256.6,17.0,272.2,135.5,15597.1,3020.5,14636.2
128,2038-05-08,2038,5,8,458.5,170.7,33.1,2093.0,196.2,19809.7,3934.9,20077.3
129,2038-05-09,2038,5,9,433.0,162.3,24.0,2538.1,179.0,19097.2,6852.3,27307.2
130,2038-05-10,2038,5,10,411.0,127.7,18.3,1499.1,153.0,17672.3,4044.8,26555.9
131,2038-05-11,2038,5,11,355.0,105.4,16.0,778.3,130.0,15734.6,2742.4,22912.7
132,2038-05-12,2038,5,12,319.9,94.0,24.2,525.3,167.1,14021.3,3274.9,19182.9
133,2038-05-13,2038,5,13,311.5,91.0,20.0,549.9,161.0,12917.4,4043.0,17693.2
134,2038-05-14,2038,5,14,278.0,83.0,17.0,621.6,140.0,11366.3,3407.5,15646.3
135,2038-05-15,2038,5,15,260.1,81.1,16.0,438.3,130.0,10227.1,2505.0,13346.7
136,2038-05-16,2038,5,16,237.1,75.0,15.0,343.2,121.0,9237.9,2030.7,12081.6
137,2038-05-17,2038,5,17,233.0,79.0,14.0,296.0,117.0,8549.1,1727.2,10830.4
138,2038-05-18,2038,5,18,220.0,69.6,12.0,253.4,110.3,7634.7,1564.0,9961.9
139,2038-05-19,2038,5,19,193.7,62.0,12.0,213.0,105.0,7019.7,1505.6,9277.7
140,2038-05-20,2038,5,20,177.0,58.0,11.0,185.3,99.0,6619.5,1402.4,8417.8
141,2038-05-21,2038,5,21,184.0,58.0,11.0,165.4,96.0,5931.6,1261.8,7825.6
142,2038-05-22,2038,5,22,177.7,55.0,10.0,133.5,90.0,5552.4,1207.1,7275.9
143,2038-05-23,2038,5,23,154.0,48.0,10.0,120.6,86.0,5111.9,1124.4,6690.2
144,2038-05-24,2038,5,24,141.0,44.0,9.0,106.6,82.0,4934.9,1032.6,6306.4
145,2038-05-25,2038,5,25,139.0,43.0,9.0,97.0,73.0,4704.3,968.4,5778.8
146,2038-05-26,2038,5,26,193.0,58.0,8.0,106.6,67.6,4537.7,899.0,5503.0
147,2038-05-27,2038,5,27,161.0,44.0,8.0,90.0,63.0,4260.7,843.9,5296.6
148,2038-05-28,2038,5,28,138.8,39.0,8.0,79.0,60.7,4113.5,793.2,5141.2
149,2038-05-29,2038,5,29,118.0,33.0,7.0,67.8,56.7,3926.2,737.6,4901.5
150,2038-05-30,2038,5,30,102.8,29.0,7.0,58.0,54.0,3672.5,661.0,4671.6
151,2038-05-31,2038,5,31,97.9,25.0,7.0,53.0,50.0,3450.0,606.1,4400.3
152,2038-06-01,2038,6,1,154.0,43.0,6.0,58.8,59.7,3439.0,816.0,4365.5
153,2038-06-02,2038,6,2,138.1,36.7,6.0,54.8,50.7,3411.9,744.0,4259.8
154,2038-06-03,2038,6,3,119.5,31.5,7.0,48.0,49.7,3292.7,635.1,4148.4
155,2038-06-04,2038,6,4,109.0,29.0,8.0,43.0,47.0,3193.1,571.3,3916.4
156,2038-06-05,2038,6,5,101.0,28.0,6.0,40.8,44.0,3107.9,549.4,3767.0
157,2038-06-06,2038,6,6,98.0,25.0,6.0,37.0,43.0,2961.6,502.0,3700.3
158,2038-06-07,2038,6,7,95.6,23.0,5.0,34.9,41.0,2926.5,487.5,3544.4
159,2038-06-08,2038,6,8,92.0,21.0,5.0,34.0,38.0,2836.7,459.0,3447.7
160,2038-06-09,2038,6,9,86.0,19.0,5.0,33.0,36.0,2699.1,449.8,3304.7
161,2038-06-10,2038,6,10,116.7,25.0,8.0,155.0,42.0,2612.0,494.0,3284.1
162,2038-06-11,2038,6,11,152.0,35.0,6.0,327.7,36.0,2586.0,532.9,3127.9
163,2038-06-12,2038,6,12,175.0,41.0,14.0,243.2,62.0,2627.0,717.3,3454.3
164,2038-06-13,2038,6,13,243.5,61.0,33.2,309.3,97.0,2833.8,1099.7,3769.7
165,2038-06-14,2038,6,14,396.3,100.0,37.1,1180.5,121.1,3250.4,2107.7,4657.4
166,2038-06-15,2038,6,15,368.3,86.0,18.0,1075.9,98.0,3598.2,1743.7,5185.9
167,2038-06-16,2038,6,16,394.3,82.0,13.0,906.5,85.3,3770.1,1480.5,5111.1
168,2038-06-17,2038,6,17,668.2,151.1,12.0,1797.6,80.0,4314.9,1743.7,5479.0
169,2038-06-18,2038,6,18,606.6,231.2,10.0,1591.9,75.3,5731.8,2107.7,6561.8
170,2038-06-19,2038,6,19,689.2,268.3,9.0,851.5,75.0,6273.1,1651.9,7387.2
171,2038-06-20,2038,6,20,538.4,268.0,12.0,525.4,78.3,6684.6,1381.7,7913.1
172,2038-06-21,2038,6,21,424.8,126.3,12.0,360.6,75.0,6475.5,1385.2,8062.5
173,2038-06-22,2038,6,22,325.3,86.0,9.0,288.4,65.3,6066.5,1130.1,7646.6
174,2038-06-23,2038,6,23,279.2,66.0,13.0,257.0,72.0,5879.8,1118.7,7392.2
175,2038-06-24,2038,6,24,246.2,53.0,34.1,772.1,114.3,5755.1,1396.3,7561.6
176,2038-06-25,2038,6,25,214.0,48.4,12.0,640.4,83.0,5755.0,1396.3,7387.2
177,2038-06-26,2038,6,26,193.0,40.2,9.0,377.2,75.0,5754.9,1182.0,7057.5
178,2038-06-27,2038,6,27,197.0,40.0,9.0,267.2,67.3,5375.4,953.9,6823.5
179,2038-06-28,2038,6,28,347.0,65.0,10.0,297.8,68.5,4766.0,996.5,6256.1
180,2038-06-29,2038,6,29,599.2,97.0,9.0,361.5,63.0,3959.7,954.0,5183.5
181,2038-06-30,2038,6,30,509.2,82.1,8.0,257.8,62.0,3720.4,836.7,4764.0
182,2038-07-01,2038,7,1,723.9,126.1,7.0,200.1,58.0,3690.1,817.5,4199.8
183,2038-07-02,2038,7,2,610.4,115.1,7.0,173.2,55.0,3860.2,730.3,4163.8
184,2038-07-03,2038,7,3,424.7,77.0,7.0,153.7,52.0,3969.6,682.0,4727.5
185,2038-07-04,2038,7,4,325.4,55.3,7.0,145.5,50.0,3959.5,612.0,4904.6
186,2038-07-05,2038,7,5,250.0,44.0,7.0,120.0,47.0,3750.2,541.0,4904.4
187,2038-07-06,2038,7,6,202.2,36.0,7.0,102.0,45.0,3308.7,506.1,4546.8
188,2038-07-07,2038,7,7,175.0,28.0,6.0,80.0,42.0,3063.2,465.8,3987.5
189,2038-07-08,2038,7,8,191.0,33.0,9.0,70.4,62.0,2915.9,795.5,3708.6
190,2038-07-09,2038,7,9,235.3,40.0,9.0,80.4,52.3,2915.9,855.1,3641.6
191,2038-07-10,2038,7,10,220.0,33.0,6.0,78.0,46.0,2724.5,725.0,3361.7
192,2038-07-11,2038,7,11,191.0,26.0,6.0,59.4,43.0,2490.4,606.4,3168.0
193,2038-07-12,2038,7,12,165.8,21.0,6.0,46.0,42.0,2365.0,500.8,2892.4
194,2038-07-13,2038,7,13,135.0,18.0,6.0,40.0,39.0,2252.9,454.5,2786.3
195,2038-07-14,2038,7,14,128.0,17.0,6.0,34.6,38.0,2139.5,400.0,2695.7
196,2038-07-15,2038,7,15,114.0,14.0,5.0,27.0,36.0,1983.6,363.7,2569.5
197,2038-07-16,2038,7,16,104.2,12.0,5.0,23.0,35.0,1891.9,349.6,2383.1
198,2038-07-17,2038,7,17,98.0,11.0,5.0,18.0,33.0,1774.1,309.6,2237.1
199,2038-07-18,2038,7,18,92.0,10.0,5.0,17.0,31.0,1647.6,284.6,2066.5
200,2038-07-19,2038,7,19,83.0,9.0,5.0,15.0,30.0,1612.3,262.7,1902.7
201,2038-07-20,2038,7,20,72.7,7.7,5.0,13.0,28.7,1527.0,243.7,1820.7
202,2038-07-21,2038,7,21,62.0,6.0,5.0,10.0,26.0,1490.8,235.7,1741.5
203,2038-07-22,2038,7,22,56.0,6.0,3.0,5.0,25.0,1447.0,213.7,1683.4
204,2038-07-23,2038,7,23,51.8,5.0,3.0,4.0,24.0,1399.9,199.5,1645.5
205,2038-07-24,2038,7,24,64.0,6.0,3.0,31.6,29.0,1376.5,208.7,1569.0
206,2038-07-25,2038,7,25,62.0,6.0,3.0,26.0,23.0,1322.1,202.7,1527.4
207,2038-07-26,2038,7,26,54.8,5.0,3.0,18.0,21.0,1291.8,185.0,1511.6
208,2038-07-27,2038,7,27,49.0,5.0,3.0,15.0,20.0,1279.6,169.6,1453.8
209,2038-07-28,2038,7,28,43.0,5.0,3.0,9.0,19.0,1225.6,157.6,1421.5
210,2038-07-29,2038,7,29,41.0,4.0,3.0,5.0,18.0,1188.4,143.8,1391.1
211,2038-07-30,2038,7,30,38.0,3.0,3.0,5.0,18.0,1166.8,141.0,1362.8
212,2038-07-31,2038,7,31,68.7,7.6,13.0,4.0,41.0,1233.4,489.7,1453.7
213,2038-08-01,2038,8,1,72.0,8.0,4.0,4.0,28.0,1271.0,359.5,1502.2
214,2038-08-02,2038,8,2,62.7,6.0,3.0,4.0,23.0,1233.3,244.0,1514.8
215,2038-08-03,2038,8,3,51.0,5.0,3.0,4.0,20.0,1167.8,202.0,1423.6
216,2038-08-04,2038,8,4,45.0,4.0,3.0,4.0,19.0,1108.2,181.4,1379.4
217,2038-08-05,2038,8,5,38.0,4.0,3.0,4.0,18.0,1060.1,164.8,1324.9
218,2038-08-06,2038,8,6,34.0,3.0,1.0,4.0,17.0,1026.7,150.6,1272.0
219,2038-08-07,2038,8,7,28.0,3.0,1.0,4.0,17.0,1015.1,143.0,1235.5
220,2038-08-08,2038,8,8,26.0,2.0,1.0,4.0,16.0,990.0,138.8,1193.0
221,2038-08-09,2038,8,9,24.0,2.0,1.0,4.0,15.0,985.7,134.8,1163.9
222,2038-08-10,2038,8,10,34.9,3.0,4.0,0.0,17.0,979.9,145.8,1169.6
223,2038-08-11,2038,8,11,319.1,26.0,6.0,53.0,21.0,1070.8,299.0,1277.8
224,2038-08-12,2038,8,12,210.4,23.0,3.0,41.0,17.0,1183.5,268.1,1291.5
225,2038-08-13,2038,8,13,156.3,18.0,3.0,23.0,15.0,1299.7,204.3,1369.7
226,2038-08-14,2038,8,14,122.0,13.0,3.0,11.0,14.0,1299.7,184.7,1433.7
227,2038-08-15,2038,8,15,244.0,44.0,1.0,35.0,14.0,1182.0,180.0,1488.6
228,2038-08-16,2038,8,16,223.3,46.1,1.0,24.6,14.0,1165.5,170.7,1483.5
229,2038-08-17,2038,8,17,272.5,65.3,3.0,13.0,14.0,1182.0,205.7,1532.0
230,2038-08-18,2038,8,18,418.0,141.2,3.0,11.0,14.0,1467.1,295.9,1659.6
231,2038-08-19,2038,8,19,426.8,119.7,3.0,8.0,12.0,1533.5,231.2,1734.0
232,2038-08-20,2038,8,20,289.4,59.0,2.0,4.0,12.0,1565.7,186.0,1746.1
233,2038-08-21,2038,8,21,220.2,40.1,2.0,3.0,10.0,1595.0,161.5,1734.0
234,2038-08-22,2038,8,22,165.0,26.0,2.0,3.0,10.0,1586.5,143.0,1818.2
235,2038-08-23,2038,8,23,147.5,22.0,2.0,3.0,9.0,1484.0,135.8,1852.3
236,2038-08-24,2038,8,24,129.0,21.0,2.0,3.0,9.0,1390.6,127.0,1762.6
237,2038-08-25,2038,8,25,124.6,19.4,2.0,3.0,7.9,1309.0,119.9,1619.6
238,2038-08-26,2038,8,26,111.0,18.0,2.0,3.0,8.0,1298.0,118.0,1444.1
239,2038-08-27,2038,8,27,98.0,18.0,3.0,3.0,26.5,1275.0,117.0,1316.5
240,2038-08-28,2038,8,28,88.0,15.0,2.7,2.0,14.0,1200.3,116.0,1260.4
241,2038-08-29,2038,8,29,79.9,13.0,2.0,2.0,9.0,1163.0,112.9,1196.8
242,2038-08-30,2038,8,30,73.0,12.0,2.0,2.0,8.0,1082.2,105.9,1174.6
243,2038-08-31,2038,8,31,67.6,10.0,2.0,2.0,7.0,1033.5,99.9,1135.7
244,2038-09-01,2038,9,1,62.0,9.0,2.0,2.0,6.0,939.7,87.0,1033.8
245,2038-09-02,2038,9,2,54.0,8.0,2.0,2.0,8.0,911.9,83.0,971.7
246,2038-09-03,2038,9,3,50.0,7.0,1.0,2.0,8.0,887.9,82.0,942.6
247,2038-09-04,2038,9,4,43.7,6.0,1.0,2.0,7.0,876.5,74.9,896.0
248,2038-09-05,2038,9,5,39.8,6.0,0.0,2.0,6.0,833.9,65.9,879.8
249,2038-09-06,2038,9,6,36.0,4.0,0.0,2.0,4.0,795.0,61.9,842.9
250,2038-09-07,2038,9,7,33.0,4.0,0.0,2.0,4.0,780.9,57.0,816.7
251,2038-09-08,2038,9,8,42.5,5.0,3.0,29.0,14.0,780.9,112.0,816.7
252,2038-09-09,2038,9,9,51.0,6.0,2.0,34.4,10.0,782.8,126.0,834.9
253,2038-09-10,2038,9,10,49.0,5.0,2.0,23.0,6.0,758.7,116.8,834.8
254,2038-09-11,2038,9,11,46.4,5.0,2.0,16.0,5.0,745.9,102.7,809.4
255,2038-09-12,2038,9,12,43.0,4.0,2.0,10.0,3.0,730.7,91.9,764.5
256,2038-09-13,2038,9,13,38.8,4.0,0.0,6.0,3.0,695.9,78.0,754.7
257,2038-09-14,2038,9,14,32.0,4.0,0.0,3.0,3.0,653.2,63.9,711.4
258,2038-09-15,2038,9,15,29.9,3.0,0.0,3.0,3.0,637.8,58.0,684.8
259,2038-09-16,2038,9,16,28.0,3.0,0.0,2.0,2.9,619.6,56.0,630.3
260,2038-09-17,2038,9,17,24.0,3.0,2.0,2.0,3.7,619.6,55.0,589.5
261,2038-09-18,2038,9,18,23.0,2.0,6.0,35.0,12.8,654.2,68.0,748.7
262,2038-09-19,2038,9,19,21.0,2.0,2.0,24.6,4.0,667.4,65.9,691.7
263,2038-09-20,2038,9,20,24.0,2.0,2.0,17.7,3.3,654.2,63.9,642.9
264,2038-09-21,2038,9,21,27.9,3.0,2.0,12.7,3.5,637.8,63.9,589.5
265,2038-09-22,2038,9,22,56.0,5.0,6.0,6.0,17.7,672.8,117.9,895.7
266,2038-09-23,2038,9,23,68.0,8.0,2.0,16.0,10.0,694.9,119.0,842.5
267,2038-09-24,2038,9,24,66.0,8.0,2.0,16.0,7.0,695.9,118.9,796.4
268,2038-09-25,2038,9,25,64.0,7.0,2.0,12.0,5.0,695.9,117.9,754.8
269,2038-09-26,2038,9,26,60.0,6.0,2.0,6.0,5.0,654.4,116.0,752.8
270,2038-09-27,2038,9,27,54.0,6.0,2.0,5.0,4.0,554.4,113.9,752.6
271,2038-09-28,2038,9,28,51.0,5.6,1.0,4.0,4.0,447.9,110.0,742.8
272,2038-09-29,2038,9,29,47.0,5.0,1.0,4.0,4.0,496.5,108.9,737.3
273,2038-09-30,2038,9,30,53.0,6.0,1.0,3.0,5.0,522.7,107.0,691.8
274,2038-10-01,2038,10,1,54.0,6.0,1.0,3.0,4.0,533.9,106.0,639.1
275,2038-10-02,2038,10,2,51.0,5.0,1.0,4.0,4.0,554.8,106.0,592.7
276,2038-10-03,2038,10,3,47.0,5.0,1.0,4.0,5.0,554.9,105.0,590.1
277,2038-10-04,2038,10,4,47.0,5.0,1.0,4.0,5.0,549.9,116.0,611.4
278,2038-10-05,2038,10,5,49.0,6.0,1.0,4.0,6.0,622.9,115.0,635.6
279,2038-10-06,2038,10,6,47.0,5.0,1.0,4.0,6.0,614.4,111.9,670.0
280,2038-10-07,2038,10,7,45.0,5.0,1.0,4.0,6.0,622.9,109.0,686.6
281,2038-10-08,2038,10,8,43.0,4.8,15.0,14.0,27.0,640.9,131.0,892.0
282,2038-10-09,2038,10,9,43.0,5.0,6.3,28.6,21.0,709.8,207.0,914.6
283,2038-10-10,2038,10,10,45.0,5.0,3.0,38.0,13.0,709.8,178.1,920.3
284,2038-10-11,2038,10,11,45.0,5.0,2.0,26.0,11.0,700.9,149.0,893.0
285,2038-10-12,2038,10,12,44.5,5.0,2.0,19.0,10.0,679.9,133.0,885.8
286,2038-10-13,2038,10,13,43.0,5.0,2.0,11.0,8.0,653.8,124.9,872.6
287,2038-10-14,2038,10,14,43.0,5.0,2.0,9.0,8.0,634.8,117.9,855.0
288,2038-10-15,2038,10,15,41.0,4.0,2.0,7.0,8.0,614.6,115.9,841.8
289,2038-10-16,2038,10,16,39.8,4.0,2.0,4.0,8.0,538.0,109.9,805.4
290,2038-10-17,2038,10,17,39.0,4.0,2.0,2.0,8.0,517.7,107.0,737.7
291,2038-10-18,2038,10,18,38.0,4.0,2.0,2.0,8.0,506.6,106.0,737.9
292,2038-10-19,2038,10,19,36.0,4.0,2.0,2.0,8.0,502.7,104.0,585.3
293,2038-10-20,2038,10,20,34.0,4.0,2.0,2.0,10.0,497.5,97.0,565.6
294,2038-10-21,2038,10,21,30.0,3.9,2.0,4.0,10.0,482.6,97.0,552.3
295,2038-10-22,2038,10,22,35.8,4.0,2.0,4.0,10.0,478.3,96.0,552.8
296,2038-10-23,2038,10,23,38.0,4.0,2.0,4.0,5.0,479.9,94.0,546.1
297,2038-10-24,2038,10,24,35.8,4.0,2.0,2.0,5.1,476.6,94.0,541.8
298,2038-10-25,2038,10,25,30.0,3.0,2.0,2.2,5.2,481.2,94.0,538.2
299,2038-10-26,2038,10,26,28.0,3.0,2.0,2.6,5.7,473.0,93.0,535.7
300,2038-10-27,2038,10,27,26.0,3.0,2.0,2.8,6.1,462.0,93.0,530.5
301,2038-10-28,2038,10,28,25.9,3.0,2.0,3.2,6.1,449.1,93.0,533.3
302,2038-10-29,2038,10,29,24.0,3.0,2.0,3.5,6.2,443.6,92.0,534.9
303,2038-10-30,2038,10,30,24.0,3.0,2.0,3.7,6.4,435.6,92.0,524.9
304,2038-10-31,2038,10,31,24.0,3.0,2.0,4.0,6.6,436.3,71.7,518.2
305,2038-11-01,2038,11,1,24.0,3.0,2.0,4.0,6.7,435.3,69.6,506.4
306,2038-11-02,2038,11,2,24.0,3.0,2.0,11.0,4.4,429.8,67.9,504.3
307,2038-11-03,2038,11,3,24.0,3.0,2.0,15.0,4.4,426.0,66.4,502.5
308,2038-11-04,2038,11,4,28.0,3.0,2.0,44.0,4.4,423.7,68.0,504.0
309,2038-11-05,2038,11,5,33.9,3.0,1.0,38.0,4.6,421.0,67.8,498.0
310,2038-11-06,2038,11,6,34.0,3.0,1.1,34.0,4.9,421.3,68.6,493.8
311,2038-11-07,2038,11,7,31.9,3.0,1.1,31.9,5.0,424.0,67.9,489.4
312,2038-11-08,2038,11,8,31.9,3.0,1.1,22.0,5.2,420.2,68.3,481.3
313,2038-11-09,2038,11,9,29.9,3.0,1.1,19.0,5.4,411.2,68.0,477.9
314,2038-11-10,2038,11,10,29.9,3.0,1.1,19.0,5.5,404.4,68.7,476.1
315,2038-11-11,2038,11,11,28.0,3.0,6.0,38.0,19.0,428.0,128.0,571.2
316,2038-11-12,2038,11,12,29.9,3.0,4.0,36.0,12.4,443.5,134.0,556.6
317,2038-11-13,2038,11,13,29.9,3.0,3.0,33.0,9.7,442.3,133.0,538.5
318,2038-11-14,2038,11,14,28.0,3.0,3.0,31.0,9.9,440.3,132.0,516.9
319,2038-11-15,2038,11,15,28.0,3.0,3.0,26.9,10.1,439.0,130.0,507.7
320,2038-11-16,2038,11,16,28.0,3.0,1.3,22.0,10.2,434.0,128.0,500.1
321,2038-11-17,2038,11,17,28.0,3.0,1.3,19.0,10.1,427.0,88.2,493.7
322,2038-11-18,2038,11,18,28.0,3.0,1.3,18.0,6.8,425.7,85.7,489.1
323,2038-11-19,2038,11,19,26.0,3.0,1.3,18.0,6.7,429.3,85.0,481.2
324,2038-11-20,2038,11,20,26.0,3.0,1.3,17.0,6.7,434.2,81.9,479.6
325,2038-11-21,2038,11,21,14.3,0.0,1.3,18.0,6.6,441.1,74.7,476.7
326,2038-11-22,2038,11,22,13.3,0.0,1.3,18.0,6.6,439.2,72.9,480.3
327,2038-11-23,2038,11,23,12.9,0.0,1.3,17.0,6.7,443.9,69.9,484.2
328,2038-11-24,2038,11,24,10.6,0.0,1.3,17.0,6.7,446.2,67.3,486.0
329,2038-11-25,2038,11,25,10.4,0.0,1.3,17.0,6.9,443.1,65.3,484.6
330,2038-11-26,2038,11,26,11.5,0.0,5.7,19.0,24.0,449.7,136.0,663.3
331,2038-11-27,2038,11,27,24.0,0.4,4.0,26.9,22.0,470.2,150.7,599.7
332,2038-11-28,2038,11,28,28.0,3.0,3.0,23.9,10.1,476.0,150.8,569.2
333,2038-11-29,2038,11,29,23.0,3.0,3.0,22.0,9.9,471.0,150.8,540.0
334,2038-11-30,2038,11,30,21.0,3.0,3.0,21.0,9.2,461.6,150.8,529.3
335,2038-12-01,2038,12,1,18.5,0.7,1.3,19.0,9.1,442.8,150.9,525.5
336,2038-12-02,2038,12,2,16.2,0.6,1.2,19.0,8.5,423.9,135.0,501.1
337,2038-12-03,2038,12,3,12.9,0.5,1.2,19.0,8.5,404.5,135.0,484.1
338,2038-12-04,2038,12,4,10.8,0.3,1.2,16.0,5.3,384.0,57.1,463.0
339,2038-12-05,2038,12,5,9.3,0.3,1.1,16.0,4.9,371.2,52.9,437.1
340,2038-12-06,2038,12,6,9.0,0.3,1.1,16.0,4.8,362.4,48.4,405.7
341,2038-12-07,2038,12,7,7.7,0.2,1.1,16.0,4.9,354.7,47.3,386.5
342,2038-12-08,2038,12,8,10.2,0.2,3.0,16.0,5.1,350.5,49.4,401.5
343,2038-12-09,2038,12,9,56.0,3.0,14.0,91.8,33.0,440.3,161.0,1074.0
344,2038-12-10,2038,12,10,70.9,3.0,4.0,50.9,24.0,506.9,157.0,629.3
345,2038-12-11,2038,12,11,69.0,4.0,3.0,30.9,10.2,534.8,150.0,555.0
346,2038-12-12,2038,12,12,66.0,3.0,3.0,26.0,9.9,541.3,149.0,523.7
347,2038-12-13,2038,12,13,59.9,3.0,5.0,46.9,25.0,515.6,149.0,642.6
348,2038-12-14,2038,12,14,53.0,3.0,4.0,46.9,24.0,485.6,149.0,695.1
349,2038-12-15,2038,12,15,50.9,3.0,4.0,32.0,11.9,453.4,97.5,664.5
350,2038-12-16,2038,12,16,52.9,3.0,3.0,28.0,9.0,471.2,88.8,631.8
351,2038-12-17,2038,12,17,52.9,3.0,3.0,26.0,8.7,499.0,82.0,545.8
352,2038-12-18,2038,12,18,53.0,3.0,3.0,25.0,8.6,532.3,76.4,508.7
353,2038-12-19,2038,12,19,56.0,3.0,3.0,25.0,8.6,548.8,71.0,431.8
354,2038-12-20,2038,12,20,59.4,3.7,3.0,25.0,6.7,567.1,67.2,435.8
355,2038-12-21,2038,12,21,57.4,3.3,3.0,23.0,6.8,583.3,62.3,453.9
356,2038-12-22,2038,12,22,87.9,3.0,3.0,9.1,6.9,590.0,58.5,467.5
357,2038-12-23,2038,12,23,97.7,3.0,1.2,8.6,7.0,576.6,55.3,480.8
358,2038-12-24,2038,12,24,81.0,3.0,3.0,8.6,9.6,516.6,54.6,486.3
359,2038-12-25,2038,12,25,81.0,3.0,1.2,7.5,7.3,452.5,51.9,489.7
360,2038-12-26,2038,12,26,71.0,2.8,1.2,7.5,7.1,423.5,48.3,484.4
361,2038-12-27,2038,12,27,64.0,2.7,1.2,26.0,7.1,392.7,44.2,467.2
362,2038-12-28,2038,12,28,56.0,2.5,4.0,27.0,14.2,370.1,46.6,497.8
363,2038-12-29,2038,12,29,58.0,2.6,5.0,27.0,25.0,368.3,58.2,542.2
364,2038-12-30,2038,12,30,81.0,2.8,4.0,27.0,24.0,374.3,64.6,535.4
365,2038-12-31,2038,12,31,83.9,2.9,4.0,28.0,11.2,377.6,60.7,484.8
366,2039-01-01,2039,1,1,81.0,3.2,4.0,28.0,8.7,381.9,61.1,426.1
367,2039-01-02,2039,1,2,81.0,3.4,3.0,28.0,8.5,385.1,59.9,415.1
368,2039-01-03,2039,1,3,83.9,3.0,26.0,102.6,51.0,455.7,273.9,1098.3
369,2039-01-04,2039,1,4,79.0,3.9,9.0,137.7,36.9,739.9,357.1,1117.9
370,2039-01-05,2039,1,5,79.0,3.5,5.0,104.8,30.0,770.9,380.9,1112.7
371,2039-01-06,2039,1,6,64.0,3.7,4.0,63.0,28.0,770.9,294.7,1112.7
372,2039-01-07,2039,1,7,61.1,4.0,4.0,46.0,28.0,739.9,273.8,1059.5
373,2039-01-08,2039,1,8,56.8,4.2,4.0,42.9,28.0,707.0,198.5,1155.0
374,2039-01-09,2039,1,9,111.0,9.0,28.2,136.0,50.0,718.9,381.4,1247.8
375,2039-01-10,2039,1,10,150.0,21.0,10.0,194.0,39.8,739.9,614.5,1261.6
376,2039-01-11,2039,1,11,120.0,20.9,5.0,104.8,33.0,770.9,433.9,1261.7
377,2039-01-12,2039,1,12,114.0,20.9,8.0,70.0,33.0,1032.5,396.8,1343.8
378,2039-01-13,2039,1,13,165.8,23.0,16.0,95.0,50.0,1037.9,628.5,1426.1
379,2039-01-14,2039,1,14,288.1,40.0,19.0,138.8,51.0,1473.6,827.9,2022.9
380,2039-01-15,2039,1,15,328.4,55.0,15.0,202.0,51.0,1504.4,863.1,2047.0
381,2039-01-16,2039,1,16,250.6,40.0,15.0,176.7,49.0,1446.7,680.8,2031.3
382,2039-01-17,2039,1,17,266.7,40.0,21.0,232.1,53.0,1477.3,680.8,2022.9
383,2039-01-18,2039,1,18,586.0,113.6,47.1,305.8,96.0,1532.4,1490.7,2295.3
384,2039-01-19,2039,1,19,849.4,281.8,21.0,388.1,75.0,1543.4,4137.2,2691.0
385,2039-01-20,2039,1,20,786.2,249.8,16.0,296.4,65.0,2156.5,4609.6,4700.0
386,2039-01-21,2039,1,21,660.0,188.6,15.0,236.5,63.0,3817.8,2840.8,5853.4
387,2039-01-22,2039,1,22,633.2,171.4,12.0,274.0,62.7,4925.3,1444.7,6045.5
388,2039-01-23,2039,1,23,828.9,246.0,18.0,1007.9,80.0,5167.3,1934.5,7487.9
389,2039-01-24,2039,1,24,1127.9,433.5,58.0,2513.4,140.2,6224.5,5161.1,9810.7
390,2039-01-25,2039,1,25,1054.9,419.7,21.0,1910.0,100.4,10120.9,6276.4,14424.0
391,2039-01-26,2039,1,26,850.8,343.0,15.0,1085.0,81.5,13121.2,4131.8,17968.5
392,2039-01-27,2039,1,27,726.2,250.1,12.0,552.8,73.6,12455.1,2247.7,16439.5
393,2039-01-28,2039,1,28,657.3,231.5,12.0,400.4,67.0,9479.9,1457.4,13339.2
394,2039-01-29,2039,1,29,599.5,214.2,10.7,303.0,64.7,6780.7,1172.5,11076.9
395,2039-01-30,2039,1,30,548.8,185.0,10.0,251.5,62.0,4867.5,1024.4,8524.6
396,2039-01-31,2039,1,31,507.4,166.0,10.0,228.0,61.0,3989.3,923.2,6406.6
397,2039-02-01,2039,2,1,459.0,152.2,9.0,191.2,60.0,3489.0,849.9,4982.5
398,2039-02-02,2039,2,2,441.5,149.0,22.0,324.4,88.0,3316.4,1337.3,4326.7
399,2039-02-03,2039,2,3,465.5,149.0,14.0,354.4,73.6,3266.4,1465.6,4167.2
400,2039-02-04,2039,2,4,443.5,147.5,10.0,264.1,63.0,3105.5,1319.3,4133.9
401,2039-02-05,2039,2,5,417.0,141.8,9.0,205.4,61.0,3048.1,1149.6,4077.2
402,2039-02-06,2039,2,6,418.5,141.8,8.8,175.3,58.0,3025.5,941.6,4030.2
403,2039-02-07,2039,2,7,436.2,149.0,8.8,160.0,57.0,2949.2,847.0,3955.3
404,2039-02-08,2039,2,8,874.0,372.0,8.8,153.5,54.0,2944.0,1460.4,3989.7
405,2039-02-09,2039,2,9,701.1,263.9,8.0,145.8,53.0,2938.1,1283.0,4030.3
406,2039-02-10,2039,2,10,570.9,221.0,8.0,141.0,51.9,2908.2,971.0,3927.9
407,2039-02-11,2039,2,11,465.7,167.8,7.9,137.8,53.9,2901.4,778.1,3828.6
408,2039-02-12,2039,2,12,405.4,138.0,7.0,120.9,53.0,2871.8,728.9,3795.6
409,2039-02-13,2039,2,13,387.0,129.0,11.0,166.0,55.0,2781.8,734.1,3692.3
410,2039-02-14,2039,2,14,363.0,125.3,7.0,142.6,51.9,2520.9,652.5,3575.3
411,2039-02-15,2039,2,15,336.2,119.0,7.0,109.8,51.9,2424.1,623.3,3441.1
412,2039-02-16,2039,2,16,327.0,113.0,7.0,96.9,51.0,2359.4,559.0,3080.6
413,2039-02-17,2039,2,17,318.2,111.0,6.0,91.0,51.0,2272.1,522.9,2714.6
414,2039-02-18,2039,2,18,318.2,108.5,25.0,431.2,83.0,2226.3,1130.7,2901.0
415,2039-02-19,2039,2,19,306.0,101.0,12.0,427.2,66.0,2127.0,1191.0,2914.5
416,2039-02-20,2039,2,20,291.0,93.0,10.0,267.0,62.9,2046.7,945.8,2895.7
417,2039-02-21,2039,2,21,271.4,87.0,10.0,189.5,59.9,1962.7,806.9,2835.8
418,2039-02-22,2039,2,22,256.0,83.0,8.0,168.7,59.9,1761.7,739.2,2715.1
419,2039-02-23,2039,2,23,237.6,77.0,8.0,152.0,53.0,1760.0,672.7,2467.6
420,2039-02-24,2039,2,24,220.0,73.0,7.0,133.0,53.0,1553.0,597.3,2345.5
421,2039-02-25,2039,2,25,201.0,69.0,8.0,127.6,53.0,1587.4,564.9,1947.2
422,2039-02-26,2039,2,26,190.9,65.0,8.0,121.0,53.0,1587.6,535.6,1924.6
423,2039-02-27,2039,2,27,190.9,64.0,7.0,119.9,57.9,1587.9,557.8,1924.7
424,2039-02-28,2039,2,28,279.5,90.0,18.4,147.7,72.8,1742.9,836.6,2088.5
425,2039-03-01,2039,3,1,465.9,153.0,15.0,317.6,72.0,1790.1,1149.3,2355.3
426,2039-03-02,2039,3,2,415.0,134.0,10.0,236.7,64.9,1964.8,977.9,2610.2
427,2039-03-03,2039,3,3,358.8,119.6,9.0,178.0,60.0,1964.8,837.9,2610.2
428,2039-03-04,2039,3,4,1877.6,740.1,22.0,1041.9,75.8,1964.8,1963.2,2610.2
429,2039-03-05,2039,3,5,705.4,292.2,13.0,662.5,72.0,3020.5,2077.9,4043.3
430,2039-03-06,2039,3,6,450.0,169.2,11.0,308.5,68.0,5895.4,1314.0,5729.5
431,2039-03-07,2039,3,7,428.9,142.0,11.0,218.0,68.0,6701.1,1067.0,8189.2
432,2039-03-08,2039,3,8,405.9,135.9,10.0,177.0,63.0,4353.2,943.3,8080.1
433,2039-03-09,2039,3,9,373.0,121.1,9.0,166.0,61.9,3256.6,902.9,6008.7
434,2039-03-10,2039,3,10,338.0,111.0,12.0,169.0,66.0,2827.4,907.0,4946.6
435,2039-03-11,2039,3,11,319.0,101.0,22.0,379.3,75.0,3085.2,1075.8,4843.7
436,2039-03-12,2039,3,12,323.7,104.7,22.0,592.0,77.7,3091.6,1273.5,4630.2
437,2039-03-13,2039,3,13,345.6,113.0,18.0,409.0,76.0,3020.7,1123.6,4214.7
438,2039-03-14,2039,3,14,374.2,117.0,27.0,306.5,93.0,3017.6,1094.4,3968.2
439,2039-03-15,2039,3,15,897.8,463.1,44.0,3586.5,141.0,3820.9,3408.5,5502.8
440,2039-03-16,2039,3,16,701.3,298.0,23.0,1492.3,116.0,9271.4,3161.8,8046.2
441,2039-03-17,2039,3,17,700.0,278.0,21.0,666.9,101.0,15837.0,1843.9,13997.5
442,2039-03-18,2039,3,18,663.4,239.4,18.0,446.0,91.0,14054.5,1416.8,17444.5
443,2039-03-19,2039,3,19,552.2,200.0,17.0,342.5,86.0,10322.0,1267.4,14913.2
444,2039-03-20,2039,3,20,454.0,174.0,15.0,293.2,81.0,7783.9,1142.2,12127.9
445,2039-03-21,2039,3,21,424.6,159.0,21.0,274.0,102.0,5831.6,1158.9,9676.8
446,2039-03-22,2039,3,22,634.0,220.4,23.0,500.3,106.5,5630.4,1546.8,8688.9
447,2039-03-23,2039,3,23,576.0,210.4,18.0,455.4,98.0,5698.1,1581.8,7813.7
448,2039-03-24,2039,3,24,447.0,176.0,16.6,334.1,91.0,5924.9,1343.7,7348.7
449,2039-03-25,2039,3,25,417.0,155.0,15.0,282.2,85.7,5942.5,1202.7,7151.5
450,2039-03-26,2039,3,26,380.9,128.2,14.0,233.4,82.7,5581.5,1092.4,7070.4
451,2039-03-27,2039,3,27,362.8,115.0,14.0,212.4,80.0,4729.4,1050.4,6407.3
452,2039-03-28,2039,3,28,344.5,111.7,13.7,194.8,77.8,4428.7,999.3,5879.8
453,2039-03-29,2039,3,29,331.5,102.0,13.0,185.8,73.0,4088.6,940.2,5533.7
454,2039-03-30,2039,3,30,317.8,93.7,13.0,170.4,70.0,3934.8,854.9,5143.9
455,2039-03-31,2039,3,31,302.8,87.5,11.8,153.8,66.0,3744.3,798.2,4934.9
456,2039-04-01,2039,4,1,288.6,83.0,16.0,155.7,79.0,3609.1,847.6,4633.6
457,2039-04-02,2039,4,2,278.0,79.8,19.0,238.7,83.0,3609.1,1096.5,4655.4
458,2039-04-03,2039,4,3,266.0,75.0,13.0,179.8,71.0,3509.8,1008.8,4633.5
459,2039-04-04,2039,4,4,252.3,72.0,14.0,151.8,76.0,3365.7,867.8,4473.5
460,2039-04-05,2039,4,5,241.5,73.0,19.0,201.4,82.0,3349.5,1103.5,4633.3
461,2039-04-06,2039,4,6,234.8,73.0,14.0,203.7,79.0,3368.8,1292.5,4582.4
462,2039-04-07,2039,4,7,205.9,65.0,13.0,158.6,67.0,3349.5,982.8,4366.1
463,2039-04-08,2039,4,8,185.9,57.0,11.8,139.0,64.8,3274.9,814.4,4340.0
464,2039-04-09,2039,4,9,184.0,56.8,13.0,131.9,66.0,3049.2,740.9,4143.9
465,2039-04-10,2039,4,10,826.3,485.2,16.0,198.0,78.6,3099.3,3028.5,4183.2
466,2039-04-11,2039,4,11,435.8,173.4,22.0,166.0,85.0,4436.3,2934.2,5413.8
467,2039-04-12,2039,4,12,1099.3,733.3,24.0,248.2,93.0,7722.3,5461.6,8829.1
468,2039-04-13,2039,4,13,612.0,282.0,14.0,191.7,80.0,9451.4,3533.1,12238.8
469,2039-04-14,2039,4,14,403.0,153.0,13.0,157.8,75.0,9449.8,1778.5,12734.7
470,2039-04-15,2039,4,15,326.9,104.6,12.0,141.8,73.0,7076.3,1253.0,11088.2
471,2039-04-16,2039,4,16,484.0,148.0,12.0,132.0,71.8,4486.5,1133.8,9078.9
472,2039-04-17,2039,4,17,396.0,127.0,11.0,127.8,67.8,3774.5,1147.7,6955.3
473,2039-04-18,2039,4,18,345.0,101.0,10.0,117.6,65.0,3443.9,999.4,5471.1
474,2039-04-19,2039,4,19,350.1,96.1,10.0,108.0,61.5,3608.7,902.5,5053.1
475,2039-04-20,2039,4,20,366.5,104.0,10.0,96.6,58.0,3443.9,896.5,4061.5
476,2039-04-21,2039,4,21,325.0,95.0,10.0,91.8,57.9,3363.1,908.7,3958.6
477,2039-04-22,2039,4,22,338.0,93.0,10.0,86.9,56.0,3277.1,1081.6,3937.9
478,2039-04-23,2039,4,23,357.0,97.0,13.0,84.7,58.0,3294.6,1452.8,4402.1
479,2039-04-24,2039,4,24,582.4,211.5,10.0,94.0,55.0,3396.0,1254.5,4767.8
480,2039-04-25,2039,4,25,612.3,268.3,9.0,101.0,55.0,3389.0,1260.1,4781.5
481,2039-04-26,2039,4,26,424.6,166.3,8.0,94.0,52.9,3389.0,1063.7,4695.8
482,2039-04-27,2039,4,27,357.4,113.8,8.0,82.9,49.0,3500.1,918.2,4665.5
483,2039-04-28,2039,4,28,308.7,93.5,8.0,70.9,47.0,3444.6,823.0,4674.1
484,2039-04-29,2039,4,29,269.2,80.0,7.0,55.9,46.0,3244.1,720.7,4628.6
485,2039-04-30,2039,4,30,248.0,73.0,7.0,49.0,43.9,2952.6,693.3,4326.5
486,2039-05-01,2039,5,1,235.0,68.0,6.0,42.0,41.0,2794.8,645.8,4086.8
487,2039-05-02,2039,5,2,223.0,59.0,6.0,37.0,40.0,2704.0,608.4,3701.7
488,2039-05-03,2039,5,3,207.8,57.7,6.0,33.9,37.0,2550.1,584.0,3244.5
489,2039-05-04,2039,5,4,197.0,51.0,5.0,26.0,37.0,2263.2,548.8,2791.1
490,2039-05-05,2039,5,5,188.0,49.5,5.0,16.0,33.0,2166.1,527.2,2636.0
491,2039-05-06,2039,5,6,171.0,46.0,5.0,15.0,33.0,2045.0,504.9,2555.7
492,2039-05-07,2039,5,7,157.6,43.0,5.0,15.0,33.0,1934.6,481.9,2424.1
493,2039-05-08,2039,5,8,189.5,58.0,14.0,56.9,37.0,1922.6,638.8,2540.2
494,2039-05-09,2039,5,9,192.5,59.0,9.0,83.8,36.0,2018.7,616.0,2445.9
495,2039-05-10,2039,5,10,160.0,47.0,5.0,62.6,33.0,2022.7,528.9,2518.4
496,2039-05-11,2039,5,11,139.0,41.0,5.0,42.0,30.0,2010.2,488.9,2420.0
497,2039-05-12,2039,5,12,125.8,38.7,5.0,33.9,30.0,1968.6,462.8,2469.8
498,2039-05-13,2039,5,13,116.0,34.8,5.0,21.0,28.0,1892.9,448.9,2414.5
499,2039-05-14,2039,5,14,131.0,39.0,3.1,15.0,27.0,1799.5,462.7,2341.5
500,2039-05-15,2039,5,15,122.0,36.0,3.1,16.0,22.5,1711.6,447.0,2257.3
501,2039-05-16,2039,5,16,116.0,32.0,3.1,15.0,21.3,1631.6,420.9,2136.4
502,2039-05-17,2039,5,17,108.9,28.9,3.1,15.0,19.8,1572.3,399.8,1996.2
503,2039-05-18,2039,5,18,103.0,25.9,3.1,16.0,18.5,1519.8,375.8,1881.0
504,2039-05-19,2039,5,19,101.0,23.0,3.1,10.0,18.4,1469.0,342.0,1818.3
505,2039-05-20,2039,5,20,98.9,23.0,3.0,2.0,17.0,1416.1,322.9,1742.1
506,2039-05-21,2039,5,21,90.0,22.0,3.0,2.0,15.5,1366.6,301.8,1679.2
507,2039-05-22,2039,5,22,86.0,21.0,3.0,2.0,15.6,1310.6,261.0,1609.8
508,2039-05-23,2039,5,23,118.0,29.0,15.0,86.7,36.0,1342.6,388.8,1860.9
509,2039-05-24,2039,5,24,122.0,30.0,7.0,90.0,30.9,1379.7,422.0,1739.2
510,2039-05-25,2039,5,25,109.0,28.0,7.7,73.0,34.9,1351.2,392.7,1780.4
511,2039-05-26,2039,5,26,101.0,27.8,5.0,59.8,27.0,1301.8,343.0,1686.9
512,2039-05-27,2039,5,27,92.0,23.0,5.0,47.9,24.0,1247.3,296.8,1607.4
513,2039-05-28,2039,5,28,88.0,21.0,3.0,40.0,22.0,1196.9,276.0,1518.0
514,2039-05-29,2039,5,29,78.9,19.0,3.0,31.0,18.0,1144.0,243.0,1464.2
515,2039-05-30,2039,5,30,69.0,18.0,3.0,26.0,17.0,1094.1,217.0,1404.1
516,2039-05-31,2039,5,31,67.9,17.9,3.0,19.0,17.0,1061.7,208.6,1335.9
517,2039-06-01,2039,6,1,63.9,15.0,3.0,13.0,16.0,1071.1,216.9,1331.8
518,2039-06-02,2039,6,2,62.0,15.0,3.0,12.0,15.0,1028.2,190.0,1236.9
519,2039-06-03,2039,6,3,57.8,15.0,3.0,12.0,15.0,1017.5,245.0,1191.3
520,2039-06-04,2039,6,4,58.0,14.0,3.0,12.0,15.0,1074.3,283.0,1194.1
521,2039-06-05,2039,6,5,53.0,13.0,3.0,12.0,14.4,1070.1,275.9,1238.4
522,2039-06-06,2039,6,6,51.0,12.0,3.0,12.0,13.4,1036.4,247.9,1236.7
523,2039-06-07,2039,6,7,47.0,11.9,1.9,11.0,13.3,1000.7,236.9,1206.8
524,2039-06-08,2039,6,8,45.0,11.0,1.9,11.0,12.4,924.4,213.9,1161.9
525,2039-06-09,2039,6,9,45.0,10.0,1.9,11.0,11.2,887.4,206.0,1103.8
526,2039-06-10,2039,6,10,45.0,7.0,1.9,10.0,11.2,854.8,196.0,1052.2
527,2039-06-11,2039,6,11,41.0,7.0,1.9,10.0,10.1,827.1,191.0,1023.5
528,2039-06-12,2039,6,12,41.0,7.0,1.9,10.0,10.2,799.8,190.0,983.1
529,2039-06-13,2039,6,13,39.0,6.0,1.9,10.0,10.2,775.2,141.1,946.1
530,2039-06-14,2039,6,14,20.0,6.0,4.0,10.0,16.0,753.0,203.0,977.4
531,2039-06-15,2039,6,15,21.0,6.0,7.0,42.0,16.0,756.6,212.9,1044.8
532,2039-06-16,2039,6,16,21.5,6.0,3.0,32.8,11.9,714.2,210.0,965.0
533,2039-06-17,2039,6,17,43.0,6.0,3.0,25.0,14.0,686.3,212.9,906.4
534,2039-06-18,2039,6,18,59.9,9.0,3.0,19.0,14.0,722.8,223.7,869.5
535,2039-06-19,2039,6,19,64.0,10.0,3.0,10.0,10.7,731.3,214.9,866.0
536,2039-06-20,2039,6,20,60.0,10.0,10.0,10.0,21.0,733.5,210.0,947.4
537,2039-06-21,2039,6,21,55.9,10.0,11.0,29.0,32.0,739.4,209.8,1054.3
538,2039-06-22,2039,6,22,50.9,9.0,4.0,41.7,19.0,724.0,202.9,991.2
539,2039-06-23,2039,6,23,46.9,7.0,3.0,32.0,16.0,698.9,196.0,945.7
540,2039-06-24,2039,6,24,43.0,6.0,3.0,23.0,14.0,675.3,186.0,904.4
541,2039-06-25,2039,6,25,41.0,6.0,3.0,15.0,13.0,663.2,161.0,863.4
542,2039-06-26,2039,6,26,39.0,5.0,3.0,8.0,12.0,653.5,148.0,816.3
543,2039-06-27,2039,6,27,26.0,4.0,3.0,7.0,12.0,631.9,127.9,771.0
544,2039-06-28,2039,6,28,26.0,3.0,3.0,7.0,11.0,603.9,106.9,720.7
545,2039-06-29,2039,6,29,30.0,3.0,3.0,7.0,11.0,596.2,110.0,701.3
546,2039-06-30,2039,6,30,51.0,6.0,3.0,23.0,10.0,591.9,116.9,726.2
547,2039-07-01,2039,7,1,53.0,9.0,3.0,15.0,10.0,559.9,107.0,712.3
548,2039-07-02,2039,7,2,51.0,9.0,4.0,11.0,10.0,530.5,107.0,682.4
549,2039-07-03,2039,7,3,47.0,9.0,4.0,9.0,11.0,508.2,159.9,658.3
550,2039-07-04,2039,7,4,45.0,9.0,3.0,9.0,7.0,500.7,169.7,624.9
551,2039-07-05,2039,7,5,36.0,6.0,3.0,8.0,7.1,487.6,152.9,612.5
552,2039-07-06,2039,7,6,30.0,6.0,1.0,8.0,7.0,470.2,119.9,603.7
553,2039-07-07,2039,7,7,26.0,5.0,1.0,9.0,7.0,463.4,106.9,586.3
554,2039-07-08,2039,7,8,26.0,4.0,1.0,9.0,7.0,450.0,103.0,565.0
555,2039-07-09,2039,7,9,26.0,4.0,1.0,0.0,7.0,437.4,99.0,545.6
556,2039-07-10,2039,7,10,26.0,4.0,1.0,0.0,7.0,422.3,97.0,526.8
557,2039-07-11,2039,7,11,30.0,4.0,1.0,0.0,7.0,403.9,95.0,502.1
558,2039-07-12,2039,7,12,30.0,4.0,1.0,0.0,7.0,391.9,91.0,483.6
559,2039-07-13,2039,7,13,28.0,3.0,1.0,14.0,7.0,379.9,86.0,476.0
560,2039-07-14,2039,7,14,26.0,3.0,1.0,12.0,4.6,368.3,86.0,462.5
561,2039-07-15,2039,7,15,28.0,3.0,1.0,8.0,4.5,353.2,82.0,443.3
562,2039-07-16,2039,7,16,24.0,3.0,1.0,6.0,3.8,342.6,71.5,426.4
563,2039-07-17,2039,7,17,24.0,2.0,1.0,6.0,3.8,330.6,68.8,415.7
564,2039-07-18,2039,7,18,24.0,2.0,1.0,0.0,3.0,323.0,66.4,407.5
565,2039-07-19,2039,7,19,24.0,2.0,1.0,14.0,3.1,317.0,65.7,399.0
566,2039-07-20,2039,7,20,24.0,2.0,1.0,23.7,3.1,321.7,69.9,403.7
567,2039-07-21,2039,7,21,24.0,2.0,1.0,17.7,3.1,315.4,68.5,401.3
568,2039-07-22,2039,7,22,24.0,2.0,2.0,106.2,9.0,330.3,103.0,419.3
569,2039-07-23,2039,7,23,12.1,2.0,2.0,65.4,5.0,353.0,120.9,413.7
570,2039-07-24,2039,7,24,23.0,2.0,2.0,66.0,3.1,370.1,135.0,416.5
571,2039-07-25,2039,7,25,28.0,2.0,2.0,40.0,3.0,425.0,126.9,417.2
572,2039-07-26,2039,7,26,43.0,3.9,4.0,50.0,5.0,468.3,135.0,478.4
573,2039-07-27,2039,7,27,39.0,4.0,3.0,37.0,3.0,484.4,126.0,484.4
574,2039-07-28,2039,7,28,36.0,3.0,1.0,21.7,3.0,471.7,114.9,485.9
575,2039-07-29,2039,7,29,53.0,6.0,1.0,27.0,3.0,476.4,119.0,513.9
576,2039-07-30,2039,7,30,71.0,8.0,1.0,28.0,3.0,485.0,108.8,530.8
577,2039-07-31,2039,7,31,60.7,6.0,1.0,16.0,1.0,482.8,95.0,532.2
578,2039-08-01,2039,8,1,64.0,6.0,1.0,10.0,1.0,500.9,115.0,535.6
579,2039-08-02,2039,8,2,54.0,6.0,0.0,12.0,1.0,514.2,104.9,542.6
580,2039-08-03,2039,8,3,49.0,5.0,0.0,9.8,1.0,492.3,96.0,550.3
581,2039-08-04,2039,8,4,43.0,4.0,0.0,8.0,1.0,465.9,81.9,546.7
582,2039-08-05,2039,8,5,36.0,4.0,0.0,5.0,1.0,435.7,69.0,545.9
583,2039-08-06,2039,8,6,28.0,4.0,0.0,4.0,1.0,421.3,63.0,529.6
584,2039-08-07,2039,8,7,25.9,3.0,0.0,4.0,0.9,408.0,56.0,491.7
585,2039-08-08,2039,8,8,24.0,2.0,0.0,4.0,0.9,401.3,59.7,453.4
586,2039-08-09,2039,8,9,31.8,2.0,0.0,4.0,0.7,399.5,55.9,433.6
587,2039-08-10,2039,8,10,32.0,3.0,0.0,4.0,0.7,395.4,53.4,426.4
588,2039-08-11,2039,8,11,28.0,2.9,0.0,4.0,0.7,387.7,51.8,417.6
589,2039-08-12,2039,8,12,26.0,2.0,0.0,4.0,0.6,378.8,48.5,412.3
590,2039-08-13,2039,8,13,23.0,2.0,0.0,4.0,0.6,362.7,46.7,409.9
591,2039-08-14,2039,8,14,22.9,2.0,5.0,8.8,1.0,364.6,82.9,449.7
592,2039-08-15,2039,8,15,19.0,2.0,4.0,21.0,1.0,389.3,135.8,505.2
593,2039-08-16,2039,8,16,17.0,2.0,3.0,17.0,1.0,408.6,116.9,495.7
594,2039-08-17,2039,8,17,16.0,2.0,2.0,10.0,1.0,394.2,95.3,487.1
595,2039-08-18,2039,8,18,14.0,2.0,2.0,7.0,1.0,377.6,68.9,459.5
596,2039-08-19,2039,8,19,13.0,1.0,2.0,4.0,0.7,365.8,57.0,439.0
597,2039-08-20,2039,8,20,11.0,1.0,5.0,7.0,6.9,356.0,55.0,476.4
598,2039-08-21,2039,8,21,10.0,1.0,6.0,14.0,14.0,362.0,133.6,500.9
599,2039-08-22,2039,8,22,10.0,1.0,3.0,10.0,1.0,401.1,232.6,475.7
600,2039-08-23,2039,8,23,10.0,1.0,2.0,7.0,1.0,418.3,188.7,470.8
601,2039-08-24,2039,8,24,10.0,1.0,12.0,12.0,20.0,421.1,151.0,670.0
602,2039-08-25,2039,8,25,10.0,1.0,7.2,12.0,17.0,422.2,146.8,682.8
603,2039-08-26,2039,8,26,25.8,3.0,61.3,45.0,82.0,595.8,531.2,1147.7
604,2039-08-27,2039,8,27,38.0,3.0,12.0,55.0,30.0,780.9,437.8,1206.0
605,2039-08-28,2039,8,28,44.5,3.0,3.0,69.2,19.0,800.9,291.8,1133.2
606,2039-08-29,2039,8,29,45.0,4.0,3.0,49.0,12.0,792.9,219.2,1100.0
607,2039-08-30,2039,8,30,40.0,4.0,2.0,32.0,11.0,775.8,177.0,994.8
608,2039-08-31,2039,8,31,34.0,3.0,2.0,20.0,9.0,730.9,143.8,895.8
609,2039-09-01,2039,9,1,32.0,3.0,2.0,15.0,8.9,557.9,123.9,836.0
610,2039-09-02,2039,9,2,28.0,3.0,2.0,12.0,8.0,444.0,116.0,787.6
611,2039-09-03,2039,9,3,24.0,3.0,2.0,10.0,8.0,549.7,112.0,638.9
612,2039-09-04,2039,9,4,23.0,2.0,16.0,9.0,27.0,551.0,108.7,816.8
613,2039-09-05,2039,9,5,32.0,3.0,21.0,96.2,157.0,464.9,216.0,1055.0
614,2039-09-06,2039,9,6,77.4,5.7,23.0,238.5,109.3,872.9,617.2,1441.2
615,2039-09-07,2039,9,7,86.0,8.0,9.0,221.4,34.0,1019.7,675.7,1328.3
616,2039-09-08,2039,9,8,71.0,6.0,13.0,97.4,36.0,1187.0,385.3,1523.6
617,2039-09-09,2039,9,9,66.0,6.0,13.0,55.3,43.0,1336.7,261.2,1627.1
618,2039-09-10,2039,9,10,60.0,5.0,17.0,150.1,77.1,1425.0,287.4,2046.5
619,2039-09-11,2039,9,11,53.0,4.0,6.0,77.2,33.0,1347.8,219.0,1729.0
620,2039-09-12,2039,9,12,49.0,4.0,4.0,46.0,29.4,1240.8,195.0,1640.0
621,2039-09-13,2039,9,13,45.0,3.0,4.0,34.0,27.0,1184.0,173.0,1540.7
622,2039-09-14,2039,9,14,43.0,3.0,3.0,26.0,25.0,1153.6,153.3,1459.0
623,2039-09-15,2039,9,15,41.0,3.0,5.0,21.0,33.0,1122.8,144.0,1390.2
624,2039-09-16,2039,9,16,38.0,2.0,96.1,147.2,203.0,1320.8,638.4,2538.4
625,2039-09-17,2039,9,17,43.7,3.0,26.1,479.7,142.2,1587.2,1439.6,3292.3
626,2039-09-18,2039,9,18,41.0,3.0,9.0,139.4,89.1,1512.5,708.8,2597.0
627,2039-09-19,2039,9,19,38.0,2.0,7.0,78.3,68.4,1435.5,464.3,2139.6
628,2039-09-20,2039,9,20,35.8,2.0,6.0,61.3,60.2,1265.1,363.7,1926.5
629,2039-09-21,2039,9,21,30.8,2.0,27.0,137.5,114.2,1176.1,391.7,2133.9
630,2039-09-22,2039,9,22,33.8,2.0,18.0,203.9,91.1,1169.2,503.5,2042.2
631,2039-09-23,2039,9,23,30.8,2.0,8.0,128.7,71.1,1073.2,461.5,1820.5
632,2039-09-24,2039,9,24,29.9,2.0,7.0,89.0,66.2,995.1,391.7,1691.6
633,2039-09-25,2039,9,25,28.0,2.0,6.0,66.7,61.0,978.7,350.0,1594.4
634,2039-09-26,2039,9,26,26.0,2.0,6.0,56.0,59.0,975.3,312.4,1416.6
635,2039-09-27,2039,9,27,24.0,2.0,6.0,46.4,51.0,947.8,278.0,1310.1
636,2039-09-28,2039,9,28,24.0,2.0,7.0,104.3,53.0,983.5,411.0,1368.7
637,2039-09-29,2039,9,29,24.0,1.0,6.0,79.9,47.3,984.0,350.0,1451.9
638,2039-09-30,2039,9,30,43.0,3.0,46.1,1696.1,127.2,1499.4,2910.2,2671.4
